body_text,category,link,scraped_at,title
"JOHANNESBURG, investor.id —Para pemimpin dan delegasi dari negara-negara makmur serta negara berkembang dijadwalkan berkumpul pada akhir pekan ini untuk menghadiri penyelenggaraan konferensi tingkat tinggi (KTT) G20 di Johannesburg, Afrika Selatan (Afsel). Namun, pertemuan tahun ini diwarnai aksi boikot dari Presiden Amerika Serikat (AS) Donald Trump dan pemerintahannya, dengan tidak mengirimkan perwakilan sama sekali.

KTT G20 pertama yang digelar di benua Afrika itu akan dihadiri oleh perwakilan dari 42 negara. Absennya AS, salah satu anggota pendiri sekaligus pihak yang seharusnya mengambil alih presidensi bergilir G20 di Johannesburg, menjadi sorotan utama dan mendominasi percakapan menjelang pertemuan.",international,https://investor.id/international/418386/ktt-g20-tetap-berjalan-tanpa-as-dan-trump,2025-11-21T18:07:41.810501,KTT G20 Tetap Berjalan Tanpa AS dan Trump
"JAKARTA,investor.id-Kementerian Komunikasi dan Digital (Kemkomdigi) membeberkan fakta penting terkait layanan Cloudflare di Indonesia, pasca gangguan layanan yang mengakibatkan lumpuhnya beberapa layanan aplikasi dan internet global.

Berdasarkan temuan Kemkomdigi, Cloudflare ternyata melindungi ribuan situs judi online (judol) melalui penyamaran alamatInternet Protokol(IP), dan mempercepat perpindahan domain untuk menghindari pemblokiran konten. Berdasarkan 10.000 datasamplingsitus judi online yang ditangani pada periode 1-2 November 2025, Kemkomdigi menyebut, lebih dari 76% diantaranya menggunakan layanan Cloudflare.",business,https://investor.id/business/418353/cloudflare-dituding-lindungi-ribuan-situs-judol-di-indonesia,2025-11-21T18:07:42.880177,Cloudflare Dituding Lindungi Ribuan Situs Judol di Indonesia
"JAKARTA, investor.id – Konglomerasi bisnis asal Korea Selatan, Posco International mengatakan telah menyiapkan dana jumbo untuk melakukan penawaran tender wajib (mandatory tender offer) sebanyak 34,28% saham PT Sampoerna Agro Tbk (SGRO) setelah menjadi pengendali baru emiten sawit tersebut. Pada 19 November 2025, Posco melalui anak usahanya, Agpa Pte Ltd telah membeli sebanyak 1,19 miliar saham atau 65,72% saham SGRO dari Twinwood Family Holdings Limited (Grup Sampoerna) senilai US$ 566,49 juta atau setara Rp 9,44 triliun.

“Tujuan akuisisi adalah untuk perluasan sinergi bisnis sawit di Indonesia,” kata Manajemen Posco International dalam keterangan resmi kepada Bursa Korea (Korea Exchange), Kamis (20/11/2025).",market,https://investor.id/market/418356/dana-jumbo-posco-untuk-tender-offer-sgro,2025-11-21T18:07:43.961976,Dana Jumbo Posco untukTender OfferSGRO
"JAKARTA, investor.id- Emiten komponen otomotif milik konglomerat TP Rachmat, PT Dharma Polimetal Tbk (DRMA) berencana mengakuisisi saham perusahaan asal Malaysia, PT Mah Sing Indonesia (MSI).

President Direktur Dharma Polimetal (DRMA) Irianto Santoso mengungkap rencana perseroan untuk mengakuisisi 82% saham PT Mah Sing Indonesia (MSI) dengan nilai transaksi sekitar Rp 41 miliar.

“Saat ini kami berada pada tahap awal penyelesaian dokumen dan proses hukum terkait akuisisi PT MSI,” ujar Irianto Santoso dalam keterangan resmi, Kamis (20/11/2025).

PT MSI merupakan anak perusahaan dari Mah Sing Group Berhad, sebuah kelompok usaha konglomerasi asal Malaysia yang memiliki portofolio bisnis luas meliputi sektor properti, industri plastik, dan manufaktur.

Dia mengatakan, langkah akuisisi tersebut tentunya akan memperkuat posisi Dharma Polimetal (DRMA) di industri manufaktur komponen plastik untuk kendaraan roda empat (4W).

“Akuisisi ini juga sejalan dengan strategiinovasi perusahaan dalam meningkatkan diversifikasi dan ekspansi bisnis,” tambahnya.

Sementara itu, manajemen Dharma Polimetal (DRMA) optimistis perseroan akan dapat meraih target penjualan sebesar Rp 6 triliun pada tahun 2025.

Pada periode Januari-September 2025, penjualan DRMA tercatat tumbuh 9,20% (year on year/YoY) menjadi Rp 4,39 triliun. Sedangkan, laba bersih meningkat 1,69% YoY menjadi Rp 428,11 miliar.

Segmen roda dua (2W) yang mencatatkan penjualan sebesar Rp 2,72 triliun, merupakan kontributor utama pendapatan DRMA.

Segmen 2W ini menyumbang 62% dari total penjualan konsolidasi DRMA, didukung oleh inovasi yang dilakukan untuk meningkatkan pangsa pasar yang turut mendorong pertumbuhan kinerja secara keseluruhan.

Sementara itu, saham DRMA bergerak menanjak 1,99% ke harga Rp 1.025 per saham pada perdagangan Jumat (21/11/2025).

Follow ChannelTelegram Officialkami untuk update artikel-artikel investor.id",corporate-action,https://investor.id/corporate-action/418373/emiten-tp-rachmat-drma-mau-akuisisi-82-saham-perusahaan-asal-malaysia,2025-11-21T18:07:45.091613,Emiten TP Rachmat (DRMA) Mau Akuisisi 82% Saham Perusahaan Asal Malaysia
"JAKARTA, investor.id- PT Teknologi Karya Digital Nusa Tbk (TRON) atau TKDN menjalin kemitraan strategis dengan National Battery Research Institute (NBRI) melalui penandatanganan nota kesepahaman (MoU). MoU ini terkait untuk mempercepat pengembangan teknologi digitalisasi infrastruktur kendaraan listrik dan sistem penyimpanan energi baterai (battery energy storage system/BESS) di Indonesia.

MoU ini ditandatangani oleh Direktur Utama TRON, David Santoso, dan Founder NBRI, Evvy Kartini. Kolaborasi ini memadukan keunggulan masing-masing pihak untuk mengakselerasi pengembangan teknologi smart mobility, sekaligus meningkatkan kualitas dan keamanan baterai yang digunakan dalam ekosistem kendaraan listrik nasional.

Kerja sama antara TRON dan NBRI mencakup pengembangan teknologismart mobilityserta pengembanganresearch and developmentproduk baterai untuk kendaraan bermotor listrik berbasis baterai dan BESS.

Selain itu, kedua pihak juga akan berkolaborasi dalam pengujian, pengukuran, verifikasi kinerja, danbattery testinguntuk mendukung standardisasi dan peningkatan kualitas baterai. Uji coba sistem monitoring kendaraan listrik, peningkatan kapasitas SDM, pelatihan teknologi, hingga berbagai bentuk kolaborasi lain yang relevan juga menjadi bagian dari ruang lingkup kerja sama ini.

Direktur Utama TRON, David Santoso, menjelaskan bahwa kemitraan ini menjadi tonggak penting bagi perusahaan.

“Kerja sama dengan NBRI menjadi penggerak utama bagi PT TKDN Tbk untuk mewujudkan visi kami sebagai pemimpin di bidangbattery as a service(BaaS) dangreen mobilitydi Indonesia. Sinergi ini memperkuat kemampuan kami menghadirkan solusi teknologi yang inovatif dan berkelanjutan bagi ekosistem transportasi dan energi masa depan,” ungkapnya dalam keterangan resmi, Jumat (21/11/2025).

Founder NBRI,  Evvy Kartini, menegaskan keunggulan kompetensi teknologi yang dimiliki NBRI. “NBRI memiliki kapabilitas hulu untuk memproduksi katoda baterai berbasis nikel berkualitas tinggi. Kami juga dapat memberikan sertifikasi untuk memastikan bahwa produk baterai memenuhi standar keamanan global. Kolaborasi ini memastikan bahwa baterai yang akan dikembangkan di Indonesia tidak hanya unggul secara teknologi, tetapi juga memenuhi standar internasional,” imbuhnya.

Kemitraan ini menjadi wujud nyata kolaborasi antara sektor teknologi dan riset dalam memperkuat ekosistem kendaraan listrik nasional. PT TKDN Tbk, melalui TRON-X Solutions dan Renewable Energy Solutions, akan mengintegrasikan platform digital berbasis AI dan teknologi energi terbarukan dengan kemampuan riset dan teknologi baterai mutakhir dari NBRI guna menghadirkan transportasi listrik yang lebih efisien, terjangkau, dan berkelanjutan.

Editor:Theresa Sandra Desfika(thresa.lepaslandas@gmail.com)

Follow ChannelTelegram Officialkami untuk update artikel-artikel investor.id",corporate-action,https://investor.id/corporate-action/418360/tron-nbri-jalin-kemitraan-pacu-inovasi-kendaraan-listrik-sistem-penyimpanan-energi,2025-11-21T18:07:46.183802,"TRON - NBRI Jalin Kemitraan, Pacu Inovasi Kendaraan Listrik & Sistem Penyimpanan Energi"
"JAKARTA, investor.id- Komisaris Independen PT Telkom Indonesia (Persero) Tbk (TLKM) mengumumkan pengunduran diri dari perseroan.

SVP Corporate Secretary TLKM Jati Widagdo mengungkap, Telkom Indonesia (TLKM) telah menerima surat pengundurkan diri Yohanes Surya sebagai Komisaris Independen perseroan pada 20 November 2025.

""Pada tanggal 20 November 2025 perseroan telah menerima surat pengunduran diri dari Bapak Yohanes Surya selaku Komisaris Independen PT Telkom Indonesia (Persero) Tbk,"" kata Jati dalam keterbukaan informasi Bursa Efek Indonesia (BEI), Jumat (21/11/2025).

Dia menegaskan, pengunduran diri Komisaris Independen tersebut tidak memiliki dampak material terhadap kelangsungan usaha perseroan.

Selanjutnya, perseroan akan mengambil langkah-langkah yang diperlukan berkaitan dengan surat pengunduran diri yang diajukan oleh Yohanes Surya sesuai dengan ketentuan yang berlaku.

Sementara itu, Telkom Indonesia (TLKM) juga berencana menggelar Rapat Umum Pemegang Saham Luar Biasa (RUPLSB) pada 12 Desember 2025.

Sejumlah mata acara akan dibahas, di antaranya yakni persetujuan atas rencana perseroan untuk melakukan pemisahan sebagian bisnis dan asetwholesale fiber connectivity(tahap I) yang merupakan bagian dari rencana pengalihan seluruh bisnis dan asetwholesale fiber connectivitykepada PT Telkom Infrastruktur Indonesia. Lalu, juga perubahan susunan pengurus perseroan.

Perlu diketahui, Yohanes Surya diangkat menjadi Komisaris Independen PT Telkom Indonesia (Persero) Tbk (TLKM) dalam Rapat Umum Pemegang Saham Tahunan (RUPST) pada 27 Mei 2025.

Seiring adanya informasi tersebut, saham TLKM terpantau anjlok 3,3% ke harga Rp 3.530 per saham pada perdagangan Jumat (21/11/2025).

Follow ChannelTelegram Officialkami untuk update artikel-artikel investor.id",corporate-action,https://investor.id/corporate-action/418359/komisaris-independen-telkom-indonesia-tlkm-mundur-saham-ikut-anjlok,2025-11-21T18:07:47.300577,"Komisaris Independen Telkom Indonesia (TLKM) Mundur, Saham Ikut Anjlok"
"JAKARTA, investor.id- Indeks harga saham gabungan (IHSG) diprediksi akan berkonsolidasi pada perdagangan pekan depan, Senin (24/11/2025).

Phintraco Sekuritas menjelaskan dalam risetnya, IHSG ditutup melemah pada level 8.414,3 (-0.07%) pada perdagangan Jumat (21/11/2025).

Tim risetnya menjelaskan, koreksi IHSG antara lain dipicu oleh melemahnya indeks bursa global, dan regional di tengah sentimen negatif tekanan jual saham sektor teknologi, serta memudarnya ekspektasi akan penurunan suku bunga the Fed di Desember 2025.

Secara teknikal, MACD membentukDeath CrossdanStoachasticRSI berada di area pivot. IHSG ditutup di bawah level MA5.

“Sehingga diperkirakan IHSG masih akan berkonsolidasi di kisaran 8.350-8.450 dalam jangka pendek, selama belum mampu ditutup di atas level 8.450 dengan didukung volume besar,” tulisnya dalam riset, Jumat sore (21/11/2025).

Mayoritas indeks di bursa Asia ditutup melemah, Jumat (21/11/2025). Indeks bursa Eropa dibuka melemah dan indeksfuturesdi Wall Street bergerak menguat moderat, Jumat (21/11/2025). IHSG selama sepekan ditutup menguat 0,52%.

Uang beredar dalam arti luas (M2) Indonesia tumbuh 7,7% YoY mencapai Rp 9.783,1 triliun di Oktober 2025 dari pertumbuhan 8% YoY di September 2025, Jumat (21/11/2025).

Pertumbuhan yang sedikit melambat ini sejalan dengan pertumbuhan kredit bulan Oktober yang juga melambat dibandingkan bulan sebelumnya.

Sementara itu, laju inflasi Jepang naik menjadi 3% YoY di Oktober 2025 dari 2,9% YoY di September 2025. Ini merupakan level inflasi tertinggi sejak Juli 2025.

Pemerintahan Jepang menyetujui paket stimulus senilai 21,3 triliun yen, sebagai upaya mendorong pertumbuhan ekonomi dan membantu konsumen yang terdampak inflasi.

Phintraco Sekuritas memberikan rekomendasi saham yang dapat diperhatikan, antara lain saham MDKA, SMGR, HMSP, PGEO, EMTK dan CBDK untuktradingSenin (24/11/2025).

Follow ChannelTelegram Officialkami untuk update artikel-artikel investor.id",stock,https://investor.id/stock/418382/prediksi-ihsg-dan-rekomendasi-saham-senin-24-november-2025,2025-11-21T18:07:48.412238,"Prediksi IHSG dan Rekomendasi Saham Senin, 24 November 2025"
"JAKARTA, investor.id- Indeks harga saham gabungan (IHSG) hari ini, Jumat (21/11/2025), ditutup menurun tipis 5,56 poin (0,07%) ke level 8.414,3.

Sejumlah saham terpantau memberikan cuan besar mulai dari saham BUKK hingga GPSO dengan lonjakan harga 24,59% sampai 25%.

Adapun total nilai transaksi di bursa mencapai Rp 16,13 triliun. Sebanyak 295 saham naik, sedangkan 366 saham turun dan 295 saham stagnan. Volume perdagangan sebanyak 32,86 miliar saham dengan frekuensi sebanyak 1,92 juta kali.

Sejumlah sektor saham menguat pada penutupan pasar hari ini. Sektor saham yang menguat paling tinggi yakni sektor teknologi sebesar 2,72%.

Diikuti, penguatan di sektor perindustrian sebesar 0,85%, sektor barang konsumen primer 0,66%, sektor barang baku 0,65%, sektor properti 0,58%, dan sektor kesehatan 0,4%.

Sebaliknya, pelemahan melanda sektor keuangan 0,61%, sektor transportasi 0,6%, sektor infrastruktur 0,58%, sektor barang konsumen non-primer 0,49%, dan sektor energi 0,29%.

Pilarmas Investindo Sekuritas menilai, pelemahan ini efek aksi profit taking dari investor domestik setelah IHSG menyentuh ATH. “Pasar bergerak sangat hati-hati dalam posisi baru, terutama menjelang akhir pekan,” tulis Pilarmas dalam risetnya, Jumat (21/11/2025).

Pelemahan IHSG terjadi seiring aksi jual di Wall Street, setelah data ketenagakerjaan Amerika Serikat (AS) justru memperkeruh ekspektasi pasar mengenai prospek pemangkasan suku bunga The Fed.

Gubernur The Fed Michael Barr turut memperingatkan bahwa bank sentral harus berhati-hati dalam melanjutkan pemangkasan suku bunga, mengingat inflasi masih berada di atas target.

Pilarmas menegaskan, situasi tersebut membuat pelaku pasar global memilih menahan diri dan mengurangi eksposur pada aset berisiko, termasuk pasar saham Asia yang juga melemah serentak.

Follow ChannelTelegram Officialkami untuk update artikel-artikel investor.id",stock,https://investor.id/stock/418377/ihsg-turun-tipis-5-saham-justru-kasih-cuan-besar-hingga-25,2025-11-21T18:07:49.527607,"IHSG Turun Tipis, 5 Saham Justru Kasih Cuan Besar hingga 25%"
"JAKARTA, investor.id- Wakil Menteri Keuangan (Wamenkeu) Suahasil Nazara mengatakan pemerintah sudah membelanjakan anggaran sebesar Rp 20,3 triliun untuk subsidi bunga kredit usaha rakyat (KUR) per 31 Oktober 2025. Dana tersebut dipakai untuk mensubsidi bunga penyaluran KUR sebesar Rp 228,1 triliun.

“Realisasi pembayaran subsidi bunga sudah Rp 20,3 triliun untuk pembayaran tagihan subsidi bunga selama 2025 tidak termasuk carry over,” ucap Suahasil dalam konferensi pers APBN KiTa Edisi November 2025 di kantor Kemenkeu, Jakarta Kamis (20/11/2025).

Realisasi subsidi bunga KUR sebesar Rp 20,3 triliun ini sudah 53,1% dari pagu  senilai Rp 38,28  triliun. Sedangkan realisasi KUR senilai Rp 228,1 triliun sudah mencapai  79,7% dari pagu 2025 Rp 286 triliun.

Subsidi bunga KUR ini dibayarkan oleh APBN kepada bank penyalur, sehingga nasabah KUR dapat menikmati bunga KUR sebesar 6%.

“Artinya untuk tahun 2025 untuk bulan November dan Desember masih ada pagu kredit KUR yang bisa diakses oleh masyarakat totalnya sekitar Rp 53 triliun masih belum terrealisasi,” tutur Suahasil.

Dana dalam KUR sudah disalurkan ke 3,9 juta debitur. Bila dilihat menurut sektor maka realisasi KUR terbagi dalam sektor perdagangan (39,3%), pertanian (38,1%), sektor lainnya (15 %), perikanan (1,5%), industri pengolahan (6%), dan konstruksi (0,1%).

“Penerima kur saat ini tercatat sekitar 3,9 juta debitur dan sektornya terutama adalah sektor perdagangan dan sektor pertanian dan sektor-sektor lain juga. Namun sektor yang paling besar adalah perdagangan dan pertanian,” terang dia.

Editor:Natasha Khairunisa Amani(tasha.amani@gmail.com)

Follow ChannelTelegram Officialkami untuk update artikel-artikel investor.id",finance,https://investor.id/finance/418387/penyerapan-subsidi-bunga-kur-capai-rp-203-triliun,2025-11-21T18:07:50.607732,"Penyerapan Subsidi Bunga KUR Capai Rp 20,3 Triliun"
"JAKARTA, investor.id- Kredit bermasalah yang dipotret dari rasionon-performing loan(NPL) untuk jenis kredit usaha rakyat (KUR) hingga Oktober 2025 adalah sebesar 2,28%. Pemerintah menilai, KUR menjadi program pembiayaan yang paling masih dan efektif.

Berdasarkan keterangan resmi Kementerian Bidang Perekonomian pada Jumat (21/11/2025), hingga 31 Oktober 2025, penyaluran KUR telah mencapai Rp 228,05 triliun kepada 3,87 juta debitur. Nilai pencairan KUR tersebut telah mencakup sekitar 80,16% dari proyeksi tahun ini yang mencapai Rp 284,48 triliun kepada 5,01 juta debitur dengan penyerapan tenaga kerja mencapai 20 juta orang.

Penyaluran KUR untuk sektor produksi mencapai 60,7% dengan fokus pada pertanian Rp 86,8 triliun dan jasa Rp 17,7 triliun. Sedangkan untuk sektor non produksi atau perdagangan sebesar Rp 89,68 triliun.

Lebih dari sekadar angka pencairan, KUR menunjukkan kualitas eksekusi dengan tingkat kredit bermasalah atau NPL hanya 2,28%, separuh dari rata-rata NPL kredit UMKM perbankan yang mencapai 4,55%.

Program KUR juga menunjukkan inklusivitas dengan skema khusus yang menjangkau segmen spesifik. KUR Penempatan Pekerja Migran Indonesia (KUR PMI) mencatatkan penyaluran sebesar Rp 64,53 miliar kepada 2.182 Pekerja Migran Indonesia dan peserta magang luar negeri.

Sementara itu, target debitur KUR baru berjalan optimal dengan capaian 2,34 juta debitur (70,6% dari target 2025) dan pemenuhan target debitur KUR graduasi mencapai 79,13% dari target 2025 atau sebanyak 1,17 juta debitur.

“Dari hasilmonitoringdan evaluasi kinerja penyaluran Kredit Usaha Rakyat (KUR) tahun 2025 yang dilakukan oleh Sekretariat Komite Kebijakan Pembiayaan Bagi UMKM, KUR membuktikan diri sebagai program pembiayaan UMKM paling masif dan efektif,” ungkap Kemenko Perekonomian dalam keterangan resmi.

Ke depan, target KUR 2026 akan disesuaikan dengan arah program prioritas nasional, proyeksi pertumbuhan usaha produktif, dan kapasitas fiskal. Target tersebut tercermin pada penetapan target porsi penyaluran di sektor produksi dan peningkatan porsi debitur KUR baru serta debitur KUR graduasi. Selanjutnya, untuk KUR PMI dioptimalkan penyalurannya pada calon PMI guna mengurangi beban biaya penempatan pahlawan devisa Indonesia.

Sebelumnya, Komite Kebijakan Pembiayaan UMKM menargetkan plafon penyaluran KUR naik menjadi Rp 320 triliun pada tahun 2026. Dari target tersebut penyaluran sektor produksi ditargetkan mencapai 65% dari target atau naik 5% dari target tahun 2025.

“Saya tadi mendapatkan target di 2026 sebesar Rp 320 triliun untuk didorong ke sektor UMKM. Lalu yang dialokasikan ke sektor produksi 65%. Jadi dapat penugasan dari Komite Kebijakan Pembiayaan UMKM naik sekitar 5%,” beber Menteri UMKM, Maman Abdurrahman di kantor Kementerian Koordinator Bidang Perekonomian pada Senin (17/11/2025).

Follow ChannelTelegram Officialkami untuk update artikel-artikel investor.id",finance,https://investor.id/finance/418383/npl-kur-228-per-oktober-2025,2025-11-21T18:07:51.686879,"NPL KUR 2,28% per Oktober 2025"
"JAKARTA, investor.id- Menteri Pertanian (Mentan), Andi Amran Sulaiman memastikan bahwa pemerintah akan membangun 30 titik pabrik pakan hewan ternak mulai awal tahun 2026 mendatang.

Mentan Amran menyebutkan, 30 titik pabrik pakan ini akan difokuskan pada daerah-daerah yang mengalami kekurangan pakan seperti Kalimantan dan Sulawesi.

30 pabrik pakan ini terdiri dari dua tahap pembangunan, yaitu pembangunan pabrik untuk penguatan peternakan rakyat ini pada 12 titik tahap pertama, dan 18 titik pada tahap kedua sehingga total menjadi 30 titik.

""Kita fokus untuk pembangunan pabrik pakan itu di daerah-daerah yang shortage yang kekurangan itu daerah seperti Kalimantan, Sulawesi,"" jelas Amran saat ditemui di kediamannya pada Jumat, (21/11/2025).

Amran melanjutkan, untuk daerah-daerah yang memiliki ketersediaan pakan ternak yang berkecukupan, tetap dibangun pabrik pakan namun diminimalkan agar pemerataan terlaksana di seluruh Indonesia.

""Kemudian daerah yang sudah tercukupi itu diminimalkan pembangunan di situ agar seluruh peternak Indonesia terlayani dengan baik,"" katanya.

Selain pabrik untuk pakan ternak, Amran menyebut, pemerintah juga membangun pabrik vaksin ternak, produksi Day Old Chick (DOC) atau anak ayam berumur satu hari dan obat-obatan bagi hewan ternak. Ia melanjutkan, pembangunan ini akan didanai oleh Badan Pengelola Investasi (BPI) Danantara dan APBN sebesar Rp 20 triliun.

""Jadi ini solusi permanen untuk peternak Indonesia. ini adalah membantu saudara-saudara kita sehingga nanti tidak lagi naik turun harganya (pakan) dan ini nanti sustain,"" jelasnya.

Sebelumnya di Istana Negara, Amran menuturkan rencana besar pemerintah untuk memperkuat peternakan rakyat melalui pembangunan pabrik pakan dan fasilitas produksi DOC.

Program bernilai Rp 20 triliun ini ditujukan untuk menjaga stabilitas harga pakan, vaksin, dan obat-obatan serta melindungi 3,7 juta peternak di seluruh Indonesia.

“Kami ingin membangun pabrik pakan, kami ingin memproduksi DOC untuk rakyat, agar harga pakan, harga vaksin nanti stabil, obat-obatan stabil untuk peternak seluruh Indonesia. Ini dibangun untuk peternak-peternak kecil, untuk mendukung, mensupport peternak-peternak kecil,” beber Amran seusai rapat terbatas bersama Presiden Prabowo di Istana Negara, Kamis (20/11/2025).

“Kemudian kabar baik, kita siapkan HPP, HPP harus dijaga dengan baik. Jadi, harga pokok penjualan peternakan juga telur, kemudian ada nanti HET untuk pakan. Sehingga harga tidak jauh berfluktuasi,” pungkas Amran.

Editor:Natasha Khairunisa Amani(tasha.amani@gmail.com)

Follow ChannelTelegram Officialkami untuk update artikel-artikel investor.id",business,https://investor.id/business/418378/30-titik-pabrik-pakan-akan-dibangun-awal-2026-2-daerah-ini-jadi-prioritas,2025-11-21T18:07:52.837771,"30 Titik Pabrik Pakan akan Dibangun Awal 2026, 2 Daerah Ini Jadi Prioritas"
"TANGERANG, investor.id– PT Toyota Astra Motor (TAM) resmi meluncurkan Toyota Veloz Hybrid dalam ajang Gaikindo Jakarta Auto Week (GJAW) 2025 di ICE BSD, Tangerang, Jumat (21/11). Model elektrifikasi yang paling dinanti ini hadir dengan status debut dunia (World Premiere), menandai langkah Toyota dalam menghadirkan solusi ramah lingkungan yang terjangkau bagi segmen mobil keluarga

Peluncuran Veloz Hybrid memperkuat komitmen Toyota terhadap elektrifikasi di pasar domestik, khususnya pada segmen Multi-Purpose Vehicle (MPV) yang sangat populer.

Baca Juga:Century Jadi Merek Ultrapremium Toyota, di Atas Lexus

Presiden Direktur PT TAM, Hiroyuki Ueda, menyatakan kebanggaannya atas peluncuran ini.

""Hari ini kami membuka babak baru untuk Veloz, kini dilengkapi teknologi hybrid dan dengan bangga diproduksi secara lokal di Indonesia,"" ujarnya.

Ia menekankan peran Toyota sebagai mitra sejati dalam perjalanan otomotif Indonesia, di mana Toyota telah berinvestasi lebih dari Rp 100 triliun yang fokus pada pengembangan industri, transfer teknologi, dan pemberdayaan talenta lokal.

""Saat ini, lebih dari 90% produk Toyota yang dijual di Indonesia dibuat secara lokal hingga ke komponennya. Kami bangga dengan pencapaian 3 juta unit ekspor kendaraan dari Indonesia ke lebih dari 100 negara, yang menunjukkan kekuatan industri otomotif Indonesia,"" jelas Ueda.

Baca Juga:Hadirkan Manfaat Nyata bagi Warga Binaan melalui Program Nusakambangan Berdaya, PLN Peroleh Apresiasi dari Kementerian Imipas

Kehadiran Veloz HEV (Hybrid Electric Vehicle) ini bukan hanya menambah portofolio elektrifikasi Toyota, tetapi juga merealisasikan visi perusahaan, yakni Mobility for All. Ueda menjelaskan bahwa Toyota berupaya memenuhi beragam kebutuhan konsumen dengan menciptakan berbagai produk, dan Veloz Hybrid menjadi jawaban untuk kebutuhan mobil keluarga yang efisien dan ramah lingkungan.

Dalam kesempatan yang sama, Wakil Presiden Direktur TAM, Henry Tanoto, mengungkapkan bahwa kesadaran dan permintaan kendaraan ramah lingkungan terus meningkat, didominasi oleh Hybrid EV (HEV) dan Battery EV (BEV).

""Menariknya, BEV lebih terkonsentrasi di kota-kota besar, sementara HEV tersebar merata di seluruh Indonesia, karena kesiapan infrastruktur dan kebutuhan mobilitas yang berbeda di setiap daerah,"" jelas Henry.

Toyota Veloz Hybrid ditawarkan dengan harga spesialpre-bookingyakni mulai dari Rp 299 juta. Harga spesial ini berlaku hingga akhir 2025. Kehadiran Veloz Hybrid diharapkan dapat mempercepat adopsi kendaraan elektrifikasi di Indonesia secara lebih luas.

Follow ChannelTelegram Officialkami untuk update artikel-artikel investor.id",business,https://investor.id/business/418379/toyota-veloz-hybrid-meluncur-di-gjaw-2025-buka-babak-baru-elektrifikasi-mobil-keluarga,2025-11-21T18:07:53.972513,"Toyota Veloz Hybrid Meluncur di GJAW 2025, Buka Babak Baru Elektrifikasi Mobil Keluarga"
"JAKARTA, investor.id– Penempatan dana pemerintah di Himpunan Bank Milik Negara (Himbara) dan PT Bank Syariah Indonesia Tbk (BSI) pada pertengahan September 2025 belum terlihat dampaknya ke pertumbuhan kredit Oktober. Pertumbuhan kredit diklaim baru akan terlihat di akhir tahun ini dan awal 2026.

Menteri Keuangan (Menkeu) Purbaya Yudhi Sadewa sebelumnya telah menempatkan saldo anggaran lebih (SAL) ke lima bank sebesar Rp 200 triliun pada 12 September 2025, dengan harapan bisa menggenjot pertumbuhan kredit. Namun, per Oktober 2025, Bank Indonesia (BI) justru mengumumkan bahwa pertumbuhan kredit hanya naik 7,36% secara tahunan (year on year/yoy) menurun dari 7,7% (yoy).",finance,https://investor.id/finance/418338/pertumbuhan-kredit-baru-terasa-di-akhir-tahun,2025-11-21T18:07:55.104431,Pertumbuhan Kredit Baru Terasa di Akhir Tahun
"JAKARTA, investor.id– Putusan Mahkamah Konstitusi (MK) yang memangkas masa berlaku Hak Guna Usaha (HGU) di Ibu Kota Nusantara (IKN) harus segera diikuti dengan penyusunan regulasi turunan yang jelas dan transparan untuk memberi kepastian terhadap investor.

Anggota Komisi II DPR RI, Indrajaya menyambut baik putusan MK yang memangkas masa berlaku HGU di Ibu Kota Nusantara dari 190 tahun menjadi 95 tahun. Putusan itu mempertegas pentingnya keadilan dalam pengelolaan tanah di kawasan strategis nasional.",business,https://investor.id/business/418311/hgu-dipangkas-investor-ikn-harus-diberi-kepastian,2025-11-21T18:07:56.205076,"HGU Dipangkas, Investor IKN Harus Diberi Kepastian"
"JAKARTA, investor.id- Komisi Pemberantasan Korupsi (KPK) menyerahkan barang rampasan senilai Rp883.038.394.268 atau sekitar Rp883 miliar dan enam unit efek kepada PT Taspen (Persero). Penyerahan ini dilakukan sesuai putusan yang berkekuatan hukum tetap.

""Serah terima ini dilakukan dari perkara atas nama terdakwa Ekiawan Heri Primaryanto yang telah memperoleh putusan yang berkekuatan hukum tetap berdasarkan putusan Pengadilan Tindak Pidana Korupsi pada Pengadilan Negeri Jakarta Pusat,"" kata Pelaksana Tugas Deputi Penindakan dan Eksekusi KPK Asep Guntur Rahayu di Gedung Merah Putih KPK, Jakarta, Kamis (20/11/2025).",national,https://investor.id/national/418276/kpk-serahkan-barang-rampasan-rp883-miliar-kepada-pt-taspen,2025-11-21T18:07:57.336359,KPK Serahkan Barang Rampasan Rp883 Miliar kepada PT Taspen
"JAKARTA, investor.id- Minat investor ritel Indonesia terhadap aset crypto menunjukkan tren penguatan dalam dua tahun terakhir. Bitcoin tetap menjadi aset digital paling populer dan sering menjadi pintu masuk pertama bagi masyarakat yang ingin mengenal investasi berbasis blockchain. Bersamaan dengan itu, kebutuhan terhadap aplikasi Bitcoin yang aman, transparan, serta mudah digunakan semakin meningkat, khususnya bagi investor pemula.

Di tengah dinamika pasar yang cepat, aplikasi ternama sepertiPluangmulai mendapat perhatian karena menawarkan akses aset crypto, termasuk Bitcoin, dengan pendekatan yang lebih ramah bagi investor ritel.

Bitcoin diperkenalkan pada 2009 oleh sosok misterius bernama Satoshi Nakamoto. Aset crypto ini dirancang sebagai mata uang digital yang dapat ditransaksikan secara langsung antar pengguna (peer-to-peer) tanpa melibatkan perantara seperti bank atau lembaga keuangan lain.

Seluruh transaksi Bitcoin dicatat dalam jaringan blockchain, yakni buku besar digital yang tersebar di ribuan komputer di seluruh dunia. Karena bersifat terdesentralisasi, tidak ada otoritas tunggal yang dapat mengubah atau mengendalikan jaringan Bitcoin. Transparansi dan keamanan inilah yang membuat Bitcoin diminati banyak investor ritel, meski volatilitas harganya juga cukup tinggi.

Bitcoin juga memiliki suplai terbatas, maksimal hanya 21 juta koin. Mekanisme ini menciptakan kelangkaan dan sering dianggap sebagai salah satu faktor yang menguatkan narasi Bitcoin sebagai “emas digital”.

Aset crypto didefinisikan sebagai aset digital yang dibangun di atas teknologi blockchain dan diperdagangkan secara global. Tidak seperti instrumen keuangan tradisional, aset crypto tidak dikendalikan bank sentral atau pemerintah tertentu.

Pluangsebagai platform investasi terlengkap menawarkan aset crypto yang dapat ditransaksikan dengan modal kecil, disimpan di dompet digital, dan dipantau pergerakan harganya secara real-time. Investor juga dapat membeli pecahan kecil dari aset tertentu, termasuk Bitcoin, sehingga tidak perlu membeli satu koin penuh.

Selain Bitcoin, Pluang menyediakan akses ke lebih dari 600 aset crypto serta fitur tambahan seperti pengiriman (send) dan penerimaan (receive) crypto melalui alamat wallet pengguna.

Aplikasi Bitcoin berfungsi sebagai pintu masuk untuk membeli, menjual, dan menyimpan aset crypto. Bagi investor pemula, aplikasi yang tepat memberikan beberapa manfaat penting:

• Antarmuka yang mudah dipahami sehingga proses transaksi tidak membingungkan.

• Keamanan berlapis, termasuk kustodian tepercaya, agar aset digital tetap terlindungi.

• Edukasi dan analisis harga Bitcoin, membantu investor memahami dasar-dasar pasar crypto.

• Transparansi biaya, termasuk penjelasan mengenai spread dan biaya transaksi lain.

Aplikasi yang telah terdaftar dan diawasi regulator menjadi pilihan utama karena memberikan rasa aman bagi pengguna baru.

Pluang muncul sebagai salah satu aplikasi trading yang berfokus pada kepraktisan dan keamanan bagi investor ritel. Beberapa fitur unggulannya meliputi:

Investor pemula dapat mulai membeli Bitcoin melalui Pluang hanya dengan Rp 10.000, sehingga investasi dapat dilakukan bertahap.

Pluang menawarkan lebih dari 600 aset crypto, memberi kesempatan bagi pengguna untuk mencoba berbagai aset sesuai profil risiko.

Aset digital pengguna disimpan melalui Fireblocks, platform kustodian yang digunakan lembaga keuangan global, sehingga keamanan transaksi semakin terjaga.

4. Spread Transparan dan Harga yang Mengacu Pasar Global

Harga aset di Pluang dihitung menggunakan sistem mid price, yaitu harga tengah antara bid dan ask. Spread bersifat floating mengikuti pasar sehingga pengguna bisa melihat harga yang lebih representatif.

Pluang memungkinkan pengguna mengirim dan menerima aset crypto, termasuk Bitcoin, menggunakan alamat wallet masing-masing.

Bagi pemula, Pluang menyediakan penjelasan tentang risiko, dasar-dasar blockchain, cara kerja aset crypto, serta tips investasi.

2. Daftar, verifikasi identitas, dan aktifkan akun.

3. Isi saldo melalui metode pembayaran yang tersedia.

6. Pantau portofolio dan harga pasar secara berkala.

Investor juga bisa menerapkan metode investasi rutin seperti Dollar Cost Averaging (DCA) untuk mengurangi risiko volatilitas.

Pluang menekankan pentingnya memahami risiko sebelum memulai berinvestasi. Beberapa di antaranya:

• Harga crypto sangat fluktuatif, sehingga nilai aset bisa berfluktuasi dalam hitungan menit.

• Risiko kesalahan teknis, seperti salah memasukkan alamat wallet saat transfer.

• Produk futures lebih berisiko, karena melibatkan leverage dan hanya cocok untuk investor berpengalaman.

• Spread dapat berubah, tergantung likuiditas dan kondisi pasar global.

Investor pemula disarankan mulai dari nominal kecil dan fokus pada aset utama seperti Bitcoin untuk meminimalkan risiko awal.

Kenaikan minat terhadap Bitcoin menunjukkan semakin kuatnya keinginan masyarakat Indonesia untuk memahami dan berpartisipasi di ekonomi digital. Di tengah banyaknya aplikasi crypto yang tersedia, Pluang menawarkan perpaduan antara antarmuka ramah pemula, pilihan aset yang luas, keamanan tinggi, dan edukasi komprehensif.

Dengan fitur-fitur tersebut, Pluang dapat menjadi salah satu aplikasi Bitcoin yang relevan bagi investor pemula maupun ritel yang ingin memulai perjalanan investasi aset crypto secara lebih aman dan terukur.

Follow ChannelTelegram Officialkami untuk update artikel-artikel investor.id",market,https://investor.id/market/418384/aplikasi-bitcoin-makin-diminati-pemula-pelajari-cara-belinya,2025-11-21T18:07:58.415512,"Aplikasi Bitcoin Makin Diminati Pemula, Pelajari Cara Belinya"
"JAKARTA, investor.id- Perbankan asal Swiss, UBS menaikkan prediksi harga emas untuk pertengahan tahun 2026 menjadi US$ 4.500 per troy ons, dari proyeksi sebelumnya senilai US$ 4.200 per troy ons.

Dikutip dariKitco News, Jumat (21/11/2025) UBS mengungkapkan bahwa kenaikan proyeksi ini didukung oleh ekspektasi penurunan suku bunga The Fed, risiko geopolitik yang terus berlanjut, kekhawatiran fiskal, dan permintaan yang kuat dari bank sentral global serta investor ETF emas.

“Kami memperkirakan permintaan emas akan terus meningkat pada tahun 2026, dipengaruhi oleh antisipasi penurunan suku bunga The Fed, imbal hasil riil yang lebih rendah, ketidakpastian geopolitik yang berkelanjutan, dan perubahan dalam lingkungan kebijakan domestik AS,” tulis UBS dalam sebuah catatan.

Bank tersebut juga menaikkan proyeksi kenaikan harga emas di pertengahan 2026 sebesar US$ 200 menjadi US$ 4.900 per troy ons, karena potensi lonjakan risiko politik dan keuangan, tetapi mempertahankan skenario penurunan harga emas di US$ 3.700 per troy ons.

Analis di UBS membeberkan, prospek fiskal AS yang memburuk kemungkinan akan mendukung pembelian emas oleh bank sentral global dan investor. Selain itu, permintaan untuk dana yang diperdagangkan di bursa (ETF) diperkirakan akan tetap kuat pada tahun 2026.

Di sisi lain, UBS memperingatkan bahwa potensi sikap hawkish The Fed dan risiko penjualan emas oleh bank sentral global tetap menjadi tantangan utama bagi prospek bullish mereka.

Raksasa perbankan tersebut juga melihat, memudarnya momentum harga emas berisiko memicu penurunan kedua dalam minat terbuka.

Analis UBS juga mengutip laporan Tren Permintaan Emas kuartal ketiga dari World Gold Council, yang mengonfirmasi pembelian emas yang sangat kuat dan semakin cepat dari bank sentral maupun investor individu.

""Pembelian bank sentral sebesar 634 metrik ton tahun ini lebih lambat dibandingkan laju tahun lalu, tetapi meningkat di kuartal ke-4, sejalan dengan perkiraan kami sebesar 900–950 metrik ton untuk tahun 2025,"" tulis mereka.

Editor:Natasha Khairunisa Amani(tasha.amani@gmail.com)

Follow ChannelTelegram Officialkami untuk update artikel-artikel investor.id",market,https://investor.id/market/418362/harga-emas-diteropong-bakal-sentuh-titik-ini-di-pertengahan-2026,2025-11-21T18:07:59.560567,Harga Emas Diteropong Bakal Sentuh Titik Ini di Pertengahan 2026
"JAKARTA, investor.id– Ketua Dewan Ekonomi Nasional (DEN), Luhut Binsar Pandjaitan, memberikan penilaian positif terhadap satu tahun kinerja Pemerintahan Presiden Prabowo Subianto, khususnya di sektor perekonomian. Luhut menyebut, ekonomi nasional berada dalam keadaan relatif kuat dan stabil, sebuah pencapaian yang patut diapresiasi mengingat pemerintahan masih dalam fase transisi.

“Meski masih dalam masa transisi, saya melihat pencapaian ekonomi satu tahun Presiden Prabowo menunjukkan kinerja yang kuat dan stabil,” ungkap Luhut Binsar Pandjaitan melalui akun media sosial pribadinya, Kamis (30/10/2025).

Luhut menambahkan, DEN turut berkontribusi dalam memberikan rekomendasi akselerasi dari sisi fiskal maupun moneter. Langkah akselerasi ini menjadi fondasi kuat untuk pencapaian target pertumbuhan ekonomi ke depan. Diharapkan ke depan kinerja ekonomi nasional terus meningkat, sesuai dengan target-target yang telah dicanangkan.

“Untuk mendorong pertumbuhan ekonomi kami mengambil langkah akselerasi, baik dari sisi fiskal maupun moneter. Hal ini menjadi fondasi yang kuat, untuk pencapaian pertumbuhan ekonomi,” tandas dia.

Sebelumnya, Menteri Koordinator Bidang Perekonomian, Airlangga Hartarto, menyebut kondisi perekonomian domestik dalam satu tahun pertama pemerintahan Presiden Prabowo dan Wakil Presiden Gibran Rakabuming Raka relatif cukup stabil, kendati saat ini Indonesia dihadapkan pada ketidakpastian global.

Dia menerangkan, ketahanan ekonomi domestik disebabkan berbagai langkah pemerintah yang diwujudkan melalui berbagai program dan kebijakan yang disusun untuk menyentuh kebutuhan masyarakat.

Airlangga membeberkan, dalam satu tahun pertama Kabinet Merah Putih, capaian di bidang ekonomi mencakup ekonomi makro yang stabil, sektor keuangan yang sehat, investasi yang tumbuh, kualitas kesejahteraan sosial yang membaik, perlindungan sosial yang menguat, sektor riil yang menguat, kerja sama internasional yang diperluas, serta deregulasi dan reformasi yang terus dijalankan.

Adapun sejumlah program unggulan telah menunjukkan hasil yang signifikan, mulai dari Program Makan Bergizi Gratis (MBG) yang telah menjangkau 36,7 juta penerima manfaat dengan realisasi 1,1 miliar porsi dan melibatkan 12.508 SPPG, sekaligus menciptakan 394.748 lapangan kerja baru di berbagai daerah.

Selain itu, hingga September 2025, sebanyak 46 juta pelaku UMKM, petani, dan nelayan telah memperoleh akses pembiayaan melalui KUR. Realisasi Program Rumah Subsidi (FLPP) juga telah mencapai 221.047 unit, serta pembangunan 100 Kampung Nelayan Merah Putih yang menjadi simbol kemandirian dan kemajuan masyarakat pesisir.

Follow ChannelTelegram Officialkami untuk update artikel-artikel investor.id",macroeconomy,https://investor.id/macroeconomy/415536/1-tahun-prabowo-versi-luhut,2025-11-21T18:08:00.736892,1 Tahun Prabowo Versi Luhut
"JAKARTA, investor.id-Presiden Prabowo Subiantomenginisiasi pembangunan Sekolah Unggulan Garuda pada 1 tahun pemerintahan. Ini menjadi ikhtiar dalam rangka menyediakan akses pendidikan berkualitas bagi generasi muda berbakat dari berbagai latar belakang sosial dan membentuk karakter pemimpin di masa depan.

Ada tiga program penting di sektor infrastruktur pendidikan yang jadi prioritas Presiden Prabowo, yaituSekolah Rakyat,Renovasi Sekolah, danSekolah Unggulan Garuda. Sekolah Rakyat yang mengadopsi konsep asrama, punya tujuan memutus rantai kemiskinan melalui pendidikan gratis yang layak, berkualitas, dan menciptakan SDM yang berdaya saing. Melalui sekolah rakyat, setiap anak di Indonesia punya kesempatan sama untuk mengembangkan potensinya, tanpa terkendala oleh latar belakang ekonomi atau sosial mereka.

Sementara Program Renovasi Sekolah dimaksudkan agar setiap peserta didik di seluruh tingkatan memperoleh lingkungan belajar yang layak dan aman, sehingga dapat meningkatkan kualitas proses pembelajaran. Selain perbaikan gedung sekolah dan fasilitas fisik, program ini juga mengimplementasikan digitalisasi pembelajaran melalui penyediaan sarana prasarana digital di setiap kelas.

Melengkapi dua program itu, maka hadirlah Sekolah Unggul Garuda. Sekolah Unggul Garuda yang saat ini baru dirancang untuk tingkat SMA ini ditujukan menghasilkan lulusan yang adaptif dengan pengembangan teknologi. Program tersebut akan menjangkau siswa-siswa berpotensi yang membutuhkan dukungan ekosistem seperti sarana dan prasarana pendidikan berkualitas serta bimbingan dalam pembelajaran untuk memaksimalkan potensinya.

Sekolah Unggul Garuda memberikan akses bagi peserta didik dari berbagai latar belakang untuk dapat mengikuti pendidikan yang berkualitas, membentuk karakter kepemimpinan, dan membina peserta didik untuk dapat memiliki jiwa pelayanan dan pengabdian kepada masyarakat.

Sekolah ini menggunakan kurikulum yang inovatif dan mengadopsi program akademis berstandar tinggi guna menghasilkan lulusan yang berkualitas internasional dan berwawasan luas, yang berpotensi menjadi pemimpin di masa depan, berkontribusi dalam pembangunan nasional, serta mampu bersaing secara global. Para peserta didik tidak hanya dituntut untuk berprestasi secara akademis, tetapi juga dapat menggunakan dan mengaplikasikan pengetahuan mereka dalam kehidupan nyata di masyarakat.

Sekolah Unggul Garuda diharapkan menjadi pusat untuk mengembangkan kompetensi para generasi muda berbakat, berprestasi, dan berdaya saing tinggi. Dengan memperlengkapi putra-putri terbaik bangsa dengan pendidikan yang berkualitas, program ini membuka lebih banyak peluang bagi siswa melanjutkan ke perguruan tinggi.

Pada tahun 2025, pemerintah telah mengalokasikan Rp 2 triliun untuk kebutuhan pembangunan Sekolah Unggul Garuda dan akan disesuaikan dengan kebijakan pembangunan di sektor pendidikan dan pengembangan dana abadi SMA Unggulan. Pada tahun 2026, alokasi untuk Sekolah Unggul Garuda sebesar Rp 3 triliun yang akan digunakan untuk melanjutkan pembangunan di lokasi lainnya.

Menteri Koordinator Bidang Pembangunan Manusia dan Kebudayaan, Pratikno, menyampaikan bahwa SMA Unggul Garuda menjadi bagian penting dalam pemerataan akses pendidikan unggulan berstandar dunia. Hingga 19 Oktober 2025, sebanyak 16 Sekolah Unggul Garuda telah beroperasi, terdiri dari 12 SMA Unggul Garuda Transformasi telah beroperasi dan 4 SMA Unggul Garuda baru siap dibangun di wilayah 3T.

“Di bidang pendidikan, kita memperluas akses dan memperkuat mutu belajar agar anak-anak Indonesia tumbuh cerdas dan siap menghadapi masa depan serta disrupsi teknologi,” ujar Pratikno, baru-baru ini.

Adapun 16 SMA Unggul Garuda mencakup SMAN 10 Fajar Harapan Banda Aceh, SMAS Unggul Del Toba, MAN Insan Cendekia (IC) Ogan Komering Ilir, SMAN Unggulan (SMANU) MH Thamrin Jakarta, SMA Cahaya Rancamaya Bogor, SMA Pradita Dirgantara Boyolali, SMA Taruna Nusantara Magelang, SMA Banua Kalsel Banjarbaru, SMAN Siwalima Ambon, MAN IC Gorontalo, SMA Averos Sorong, dan SMAN 10 Samarinda. Sementara empat SMA Unggul Garuda baru yaitu tersebar di Belitung Timur, Kepulauan Bangka Belitung; Timor Tengah Selatan, NTT; Konawe, Sulawesi Tenggara; dan Bulungan, Kalimantan Utara.

Kepala Staf Kepresidenan,Muhammad Qodari, dalam peluncuran Sekolah Unggul Garuda pada Rabu (8/10/2025) di Belitung Timur, mengatakan bahwa pemerintah akan membangun Sekolah Unggulan Garuda di 20 titik di seluruh Indonesia.

“Sekolah garudadi Belitung Timur ini akan menjadi instrumen yang melahirkan anak muda yang berkualitas untuk mendukung perjuangan kita menjadi negara maju,” Kata Qodari.

Follow ChannelTelegram Officialkami untuk update artikel-artikel investor.id",macroeconomy,https://investor.id/macroeconomy/414464/sekolah-garuda-ikhtiar-mencetak-sdm-berkualitas-dan-memutus-rantai-kemiskinan,2025-11-21T18:08:01.927441,Sekolah Garuda: Ikhtiar Mencetak SDM Berkualitas dan Memutus Rantai Kemiskinan
"JAKARTA, investor.id- Saham PT Bank Rakyat Indonesia Tbk (BBRI) atau BRI kembali menghijau pada perdagangan Kamis (20/11/2025). Di sekitar pukul 15.04 WIB, saham BRI ada di posisi Rp 4.020 atau plus 0,50%.

Sudah sebanyak 123,57 juta saham BBRI diperdagangkan, frekuensi 20.522 kali, dan nilai transaksi Rp 499,20 miliar. Saham emiten bank BUMN ini bergerak di rentang Rp 4.010-4.050.

Sejak 14-19 November 2025, saham Bank Rakyat Indonesia selalu ditutup di zona hijau. Asing mencetaknet buydi saham BRI Rp 570,18 miliar untuk periode 13-19 November 2025.

Pada awal pekan ini, Phintraco Sekuritas menyebutkan koreksi saham BRI tertahan di areaneckline cup and handle. Kondisi tersebut menjadi sinyal awalrebound. Potensi golden cross pada Stochastic RSI sejalan dengan indikasi tersebut.

Dalam analisis teknikalnya Senin (17/11/2025), Phintraco menganjurkan titik masuk saham BRI di kisaran 3.860-3.900. Dengan target harga pertama 4.050. Dan target tersebut sudah tercapai, alias ramalan Phintraco terbukti.

Adapun target harga kedua BBRI dari Phintraco di kisaran 4.200-4.250.Stoplossdi bawah 3.790.

Bank Rakyat Indonesia (BBRI) atau BRI tetap memiliki prospek yang positif, meski perolehan laba dalam jangka pendek masih tertahan. BBRI mempertahankan panduan pertumbuhan kredit 2025 berkisar 7-9%. Komposisi pinjaman tetap didominasi oleh segmen konsumer, korporasi, dan pembiayaan berbasis emas. Saat ini, Pegadaian dan PNM berkontribusi sekitar 25% terhadap total eksposur mikro secara konsolidasi.

Pertumbuhan kredit mikro, termasuk Kupedes, diperkirakan masih melemah dalam jangka pendek, karena BBRI tengah memprioritaskan pembersihan portofolio (portfolio clean-up) dan penerapan kebijakan penyaluran kredit yang lebih ketat.

“Namun, pertumbuhan diperkirakan mulai pulih secara bertahap pada 2026 sekitar 1% yoy dan kembali ke level normal 9-10% per tahun dalam jangka panjang,” tulis analis Samuel Sekuritas Indonesia, Prasetya Gunadi dan Brandon Boedhiman dalam risetnya, yang dikutip pada Kamis (13/11/2025).

Adapun margin bunga bersih (net interest margin/NIM) BBRI diproyeksikan stabil pada kisaran 7,3-7,7%. Hal itu bakal didukung oleh rasio dana murah (current account saving account/CASA) di atas 65% dan strategi penetapan bunga kredit yang lebih selektif.

Sedangkan biaya kredit (cost of credit/CoC) diperkirakan berada di batas atas panduan BBRI, yakni 3,2-3,3% dari sebelumnya 3-3,2%. Ini mencerminkan peningkatanwrite-offsdan tekanan berkelanjutan di segmen mikro.

“Meski demikian, CoC diproyeksikan mulai menurun menjadi 2,9-3,2% pada 2026, seiring dengan selesainya eksposur lama (legacy portfolio),” ungkap Prasetya.

Editor:Theresa Sandra Desfika(thresa.lepaslandas@gmail.com)

Follow ChannelTelegram Officialkami untuk update artikel-artikel investor.id",market,https://investor.id/market/418179/ramalan-soal-saham-bbri-terbukti,2025-11-21T18:08:03.011471,Ramalan soal Saham BBRI Terbukti
"JAKARTA, investor.id- PT Adaro Andalan Indonesia Tbk (AADI) mengumumkan secara resmi kurs konversi untuk pembagian dividen interim. AADI menetapkan kurs tengah Bank Indonesia tanggal 19 November 2025 Rp 16.760/dolar AS.

“Dengan demikian jumlah keseluruhan dividen tunai interim yang akan dibagikan perseroan dalam mata uang rupiah adalah sebesar Rp 4,18 triliun,” jelas Sekretaris Perusahaan AADI, Ray Aryaputra dalam keterangan resmi dikutip Kamis (20/11/2025).

Dividen interim tersebut dibagikan untuk 7.786.891.760 saham, sehingga setiap sahamnya memperoleh dividen sebesar Rp 538,08.

Adapuncumdividen interim Adaro Andalan Indonesia (AADI) di pasar reguler dan pasar negosiasi sudah lewat pada Senin (17/11/2025).Cumdividen adalah batas akhir bagi investor untuk membeli saham tertentu dan tetap berhak mendapatkan dividen yang akan dibagikan perusahaan.

Saham ini ditutup naik 0,57% ke Rp 8.750 saatcum datesehinggayielddividennya 6,15%. Tapi saham AADI jatuh sekitar 10% (akumulasi 18 dan 19 November) usaicum date.

Daftar pemegang saham yang berhak di 19 November 2025 pukul 16.00 WIB. Dan pembayaran dividen pada 27 November 2025.

Editor:Theresa Sandra Desfika(thresa.lepaslandas@gmail.com)

Follow ChannelTelegram Officialkami untuk update artikel-artikel investor.id",market,https://investor.id/market/418138/muncul-pengumuman-resmi-dividen-interim-rp-538-per-saham,2025-11-21T18:08:04.177019,Muncul Pengumuman Resmi Dividen Interim Rp 538 per Saham
"JAKARTA, investor.id- Saham emiten Grup Sinar Mas, PT Pabrik Kertas Tjiwi Kimia Tbk (TKIM) diparkir menguat 2,53% ke Rp 7.100 pada akhir sesi I perdagangan Kamis (20/11/2025). Saham TKIM berbalik arah setelah sempat tertekan selama 5 hari bursa beruntun.

Tercatat 681,9 ribu saham TKIM diperdagangkan, frekuensi 763 kali, dan nilai transaksi Rp 4,84 miliar.

Secara valuasi, saham TKIM atraktif. Dengan rasioprice to book value(PBV) 0,46 kali. Atau nilai buku per sahamnya nyaris Rp 15.500. Adapunprice earning ratio(PER) di angka 4,74 kali (annualized).

BRI Danareksa Sekuritas menyebutkan bahwa pada 3Q25, TKIM mencatat laba bersih US$ 213,2 juta, melonjak 107,7% yoy meski pendapatan turun 2,7% yoy menjadi US$ 738,9 juta. Kenaikan laba terutama berasal dari efisiensi biaya, laba selisih kurs US$ 16,2 juta, serta peningkatan kontribusi entitas asosiasi dari US$ 98,2 juta menjadi US$ 169,4 juta.

Editor:Theresa Sandra Desfika(thresa.lepaslandas@gmail.com)

Follow ChannelTelegram Officialkami untuk update artikel-artikel investor.id",market,https://investor.id/market/418161/laba-emiten-naik107-book-value-rp-15500-saham-diskon-besar,2025-11-21T18:08:05.281284,"Laba Emiten Naik 107%,BookValueRp 15.500, Saham Diskon Besar"
"JAKARTA, investor.id- Harga emas batangan milik PT Aneka Tambang atau Antam (ANTM) diperkirakan berpeluang naik, tetapi masih akan berfluktuasi pada Jumat, 21 November 2025.

""Kalau mengalami kenaikan,resistancepertama kemungkinan di Rp 2.378.000. Kalau turun,supportpertama di Rp 2.338.000,” kata pengamat pasar komoditas, Ibrahim Assuaibi dalam keterangannya, dikutip Kamis (20/11/2025).

Dipantau dari laman Logam Mulia, harga emas Antam (ANTM) pada Kamis (20/11/2025) kembali melejit sebesar Rp 21.000 ke level Rp 2.364.000 per gram. Harga beli kembali ataubuybackemas Antam (ANTM) hari ini juga kembali melesat sebesar Rp 21.000 ke level Rp 2.225.000 per gram.

Sebelumnya, harga emas batangan Antam (ANTM) pada Rabu (19/11/2025) melonjak tajam sebesar Rp 21.000 ke level Rp 2.343.000 per gram.

Pada Selasa (18/11/2025), harga emas Antam (ANTM) sempat anjlok hingga Rp 29.000 ke level Rp 2.322.000 per gram.

Transaksi harga jual dikenakan potongan pajak sesuai dengan Peraturan Menteri Keuangan (PMK) No 34/PMK.10/2017.

Penjualan kembali emas batangan ke Antam (ANTM) dengan nominal lebih dari Rp 10 juta akan dikenakan Pajak Penghasilan (PPh) 22 sebesar 1,5% bagi pemegang Nomor Pokok Wajib Pajak (NPWP) dan 3% bagi non-NPWP. PPh 22 atas transaksibuybackdipangkas langsung dari total nilaibuyback.

Berikut adalah harga pecahan emas batangan yang tercatat di laman Logam Mulia Antam (ANTM) pada Kamis (20/11/2025):

Editor:Natasha Khairunisa Amani(tasha.amani@gmail.com)

Follow ChannelTelegram Officialkami untuk update artikel-artikel investor.id",market,https://investor.id/market/418165/prediksi-harga-emas-antam-antm-jumat-21november-2025,2025-11-21T18:08:06.447608,Prediksi Harga Emas Antam (ANTM) Jumat 21 November 2025
"JAKARTA, investor.id– Emiten Grup Salim, PT Indofood CBP Sukses Makmur Tbk (ICBP) diperkirakan mampu mempertahankan, bahkan memperluas pangsa pasarnya di tengah persaingan yang ketat. Saham ICBP pun tetap menarik, karena harganya murah dengan fundamental dan prospek yang baik.

“Kami mempertahankan proyeksi penjualan dan laba ICBP, mengingat hasil kuartal III-2025 masih sesuai ekspektasi. Penjualan mencapai 72% dan laba bersih 78% dari target setahun penuh,” tulisEquity Research AnalystKiwoom Sekuritas Indonesia, Abdul Azis Setyo W dalam risetnya, yang dikutip pada Kamis (20/11/2025).

Menurut dia, inovasi produk yang berkelanjutan bakal membantu kinerja Indofood CBP. Namun, laba bersih produsen mi instan dengan merek Indomie tersebut masih berpotensi tertekan akibat rugi kurs, seiring volatilitas mata uang.

Adapun rencana pemerintah terkait skema repatriasi dolar AS dapat menstabilkan rupiah dan mengurangi tekanan pada kinerja Indofood CBP mendatang.

Selama Januari-September 2025, emiten berkode saham ICBP tersebut membukukan pendapatan Rp 56,26 triliun atau tumbuh 1,4% yoy. Sedangkan pada kuartal III-2025, ICBP mencatatkan penjualan Rp 19,7 triliun, naik 0,8% yoy atau 7,2% qoq.

Lemahnya daya beli konsumen terus menahan pertumbuhan pendapatan ICBP, terlihat dari penjualan domestik yang hanya naik 0,8% yoy selama Januari-September 2025. Sebaliknya, segmen luar negeri membukukan pertumbuhan lebih kuat sebesar 2,6% yoy, ditopang oleh kinerja yang solid di Asia, Timur Tengah, dan Afrika.

Sedangkan laba bersih ICBP turun 12,8% yoy menjadi Rp 7,1 triliun. Hal itu terutama disebabkan oleh rugi kurs sebesar Rp 1,43 triliun.

Editor:Jauhari Mahardhika(mahardhikajauhari@gmail.com)

Follow ChannelTelegram Officialkami untuk update artikel-artikel investor.id",market,https://investor.id/market/418154/saham-murah-emiten-grup-salim,2025-11-21T18:08:07.590807,Saham Murah Emiten Grup Salim
